"Date","Time_ET","Format","Theme","Topic","CTA"
"2026-08-01","06:30","Short post","W1 · Candlesticks & Chart Basics","Three soldiers / crows","💬 Comment"
"2026-08-01","08:30","Image (infographic)","W1 · Candlesticks & Chart Basics","Reading a candle in 10s","📌 Save"
"2026-08-01","10:30","Quote card","W1 · Candlesticks & Chart Basics","Body vs wick meaning","🔁 Share"
"2026-08-01","12:30","Reel (short video)","W1 · Candlesticks & Chart Basics","Marubozu (strong candle)","📌 Save + Follow"
"2026-08-01","15:00","Long post","W1 · Candlesticks & Chart Basics","Inside bar","📖 Read blog / 💬 Comment"
"2026-08-01","17:30","Story / interactive","W1 · Candlesticks & Chart Basics","Candle colors & psychology","💬 Poll / Comment"
"2026-08-01","20:00","Long video","W1 · Candlesticks & Chart Basics","What a candle really is","📌 Save + Follow"
"2026-08-01","22:00","Short post / interactive","W1 · Candlesticks & Chart Basics","Bullish vs bearish body","📩 Email (free plan) / 💬 Comment"
"2026-08-02","06:30","Short post","W1 · Candlesticks & Chart Basics","Wicks = rejection","💬 Comment"
"2026-08-02","08:30","Image (infographic)","W1 · Candlesticks & Chart Basics","Engulfing pattern","📌 Save"
"2026-08-02","10:30","Quote card","W1 · Candlesticks & Chart Basics","Pin bar / rejection candle","🔁 Share"
"2026-08-02","12:30","Reel (short video)","W1 · Candlesticks & Chart Basics","Doji / indecision","📌 Save + Follow"
"2026-08-02","15:00","Long post","W1 · Candlesticks & Chart Basics","Hammer & shooting star","📖 Read blog / 💬 Comment"
"2026-08-02","17:30","Story / interactive","W1 · Candlesticks & Chart Basics","Morning/Evening star","💬 Poll / Comment"
"2026-08-02","20:00","Long video","W1 · Candlesticks & Chart Basics","Three soldiers / crows","📌 Save + Follow"
"2026-08-02","22:00","Short post / interactive","W1 · Candlesticks & Chart Basics","Reading a candle in 10s","📩 Email (free plan) / 💬 Comment"
"2026-08-03","06:30","Short post","W1 · Candlesticks & Chart Basics","Body vs wick meaning","💬 Comment"
"2026-08-03","08:30","Image (infographic)","W1 · Candlesticks & Chart Basics","Marubozu (strong candle)","📌 Save"
"2026-08-03","10:30","Quote card","W1 · Candlesticks & Chart Basics","Inside bar","🔁 Share"
"2026-08-03","12:30","Reel (short video)","W1 · Candlesticks & Chart Basics","Candle colors & psychology","📌 Save + Follow"
"2026-08-03","15:00","Long post","W1 · Candlesticks & Chart Basics","What a candle really is","📖 Read blog / 💬 Comment"
"2026-08-03","17:30","Story / interactive","W1 · Candlesticks & Chart Basics","Bullish vs bearish body","💬 Poll / Comment"
"2026-08-03","20:00","Long video","W1 · Candlesticks & Chart Basics","Wicks = rejection","📌 Save + Follow"
"2026-08-03","22:00","Short post / interactive","W1 · Candlesticks & Chart Basics","Engulfing pattern","📩 Email (free plan) / 💬 Comment"
"2026-08-04","06:30","Short post","W1 · Candlesticks & Chart Basics","Pin bar / rejection candle","💬 Comment"
"2026-08-04","08:30","Image (infographic)","W1 · Candlesticks & Chart Basics","Doji / indecision","📌 Save"
"2026-08-04","10:30","Quote card","W1 · Candlesticks & Chart Basics","Hammer & shooting star","🔁 Share"
"2026-08-04","12:30","Reel (short video)","W1 · Candlesticks & Chart Basics","Morning/Evening star","📌 Save + Follow"
"2026-08-04","15:00","Long post","W1 · Candlesticks & Chart Basics","Three soldiers / crows","📖 Read blog / 💬 Comment"
"2026-08-04","17:30","Story / interactive","W1 · Candlesticks & Chart Basics","Reading a candle in 10s","💬 Poll / Comment"
"2026-08-04","20:00","Long video","W1 · Candlesticks & Chart Basics","Body vs wick meaning","📌 Save + Follow"
"2026-08-04","22:00","Short post / interactive","W1 · Candlesticks & Chart Basics","Marubozu (strong candle)","📩 Email (free plan) / 💬 Comment"
"2026-08-05","06:30","Short post","W1 · Candlesticks & Chart Basics","Inside bar","💬 Comment"
"2026-08-05","08:30","Image (infographic)","W1 · Candlesticks & Chart Basics","Candle colors & psychology","📌 Save"
"2026-08-05","10:30","Quote card","W1 · Candlesticks & Chart Basics","What a candle really is","🔁 Share"
"2026-08-05","12:30","Reel (short video)","W1 · Candlesticks & Chart Basics","Bullish vs bearish body","📌 Save + Follow"
"2026-08-05","15:00","Long post","W1 · Candlesticks & Chart Basics","Wicks = rejection","📖 Read blog / 💬 Comment"
"2026-08-05","17:30","Story / interactive","W1 · Candlesticks & Chart Basics","Engulfing pattern","💬 Poll / Comment"
"2026-08-05","20:00","Long video","W1 · Candlesticks & Chart Basics","Pin bar / rejection candle","📌 Save + Follow"
"2026-08-05","22:00","Short post / interactive","W1 · Candlesticks & Chart Basics","Doji / indecision","📩 Email (free plan) / 💬 Comment"
"2026-08-06","06:30","Short post","W1 · Candlesticks & Chart Basics","Hammer & shooting star","💬 Comment"
"2026-08-06","08:30","Image (infographic)","W1 · Candlesticks & Chart Basics","Morning/Evening star","📌 Save"
"2026-08-06","10:30","Quote card","W1 · Candlesticks & Chart Basics","Three soldiers / crows","🔁 Share"
"2026-08-06","12:30","Reel (short video)","W1 · Candlesticks & Chart Basics","Reading a candle in 10s","📌 Save + Follow"
"2026-08-06","15:00","Long post","W1 · Candlesticks & Chart Basics","Body vs wick meaning","📖 Read blog / 💬 Comment"
"2026-08-06","17:30","Story / interactive","W1 · Candlesticks & Chart Basics","Marubozu (strong candle)","💬 Poll / Comment"
"2026-08-06","20:00","Long video","W1 · Candlesticks & Chart Basics","Inside bar","📌 Save + Follow"
"2026-08-06","22:00","Short post / interactive","W1 · Candlesticks & Chart Basics","Candle colors & psychology","📩 Email (free plan) / 💬 Comment"
"2026-08-07","06:30","Short post","W1 · Candlesticks & Chart Basics","What a candle really is","💬 Comment"
"2026-08-07","08:30","Image (infographic)","W1 · Candlesticks & Chart Basics","Bullish vs bearish body","📌 Save"
"2026-08-07","10:30","Quote card","W1 · Candlesticks & Chart Basics","Wicks = rejection","🔁 Share"
"2026-08-07","12:30","Reel (short video)","W1 · Candlesticks & Chart Basics","Engulfing pattern","📌 Save + Follow"
"2026-08-07","15:00","Long post","W1 · Candlesticks & Chart Basics","Pin bar / rejection candle","📖 Read blog / 💬 Comment"
"2026-08-07","17:30","Story / interactive","W1 · Candlesticks & Chart Basics","Doji / indecision","💬 Poll / Comment"
"2026-08-07","20:00","Long video","W1 · Candlesticks & Chart Basics","Hammer & shooting star","📌 Save + Follow"
"2026-08-07","22:00","Short post / interactive","W1 · Candlesticks & Chart Basics","Morning/Evening star","📩 Email (free plan) / 💬 Comment"
"2026-08-08","06:30","Short post","W2 · Risk Management","Partial take profit","💬 Comment"
"2026-08-08","08:30","Image (infographic)","W2 · Risk Management","Leverage is a magnifier","📌 Save"
"2026-08-08","10:30","Quote card","W2 · Risk Management","Demo first","🔁 Share"
"2026-08-08","12:30","Reel (short video)","W2 · Risk Management","Capital is oxygen","📌 Save + Follow"
"2026-08-08","15:00","Long post","W2 · Risk Management","Revenge trading kills accounts","📖 Read blog / 💬 Comment"
"2026-08-08","17:30","Story / interactive","W2 · Risk Management","Compounding slowly","💬 Poll / Comment"
"2026-08-08","20:00","Long video","W2 · Risk Management","Every trade has a stop loss","📌 Save + Follow"
"2026-08-08","22:00","Short post / interactive","W2 · Risk Management","The 1–2% rule","📩 Email (free plan) / 💬 Comment"
"2026-08-09","06:30","Short post","W2 · Risk Management","Risk : Reward 1:3","💬 Comment"
"2026-08-09","08:30","Image (infographic)","W2 · Risk Management","Position sizing (one division)","📌 Save"
"2026-08-09","10:30","Quote card","W2 · Risk Management","The risk ceiling","🔁 Share"
"2026-08-09","12:30","Reel (short video)","W2 · Risk Management","Never move your stop","📌 Save + Follow"
"2026-08-09","15:00","Long post","W2 · Risk Management","Win rate vs the ratio","📖 Read blog / 💬 Comment"
"2026-08-09","17:30","Story / interactive","W2 · Risk Management","Break-even stop","💬 Poll / Comment"
"2026-08-09","20:00","Long video","W2 · Risk Management","Partial take profit","📌 Save + Follow"
"2026-08-09","22:00","Short post / interactive","W2 · Risk Management","Leverage is a magnifier","📩 Email (free plan) / 💬 Comment"
"2026-08-10","06:30","Short post","W2 · Risk Management","Demo first","💬 Comment"
"2026-08-10","08:30","Image (infographic)","W2 · Risk Management","Capital is oxygen","📌 Save"
"2026-08-10","10:30","Quote card","W2 · Risk Management","Revenge trading kills accounts","🔁 Share"
"2026-08-10","12:30","Reel (short video)","W2 · Risk Management","Compounding slowly","📌 Save + Follow"
"2026-08-10","15:00","Long post","W2 · Risk Management","Every trade has a stop loss","📖 Read blog / 💬 Comment"
"2026-08-10","17:30","Story / interactive","W2 · Risk Management","The 1–2% rule","💬 Poll / Comment"
"2026-08-10","20:00","Long video","W2 · Risk Management","Risk : Reward 1:3","📌 Save + Follow"
"2026-08-10","22:00","Short post / interactive","W2 · Risk Management","Position sizing (one division)","📩 Email (free plan) / 💬 Comment"
"2026-08-11","06:30","Short post","W2 · Risk Management","The risk ceiling","💬 Comment"
"2026-08-11","08:30","Image (infographic)","W2 · Risk Management","Never move your stop","📌 Save"
"2026-08-11","10:30","Quote card","W2 · Risk Management","Win rate vs the ratio","🔁 Share"
"2026-08-11","12:30","Reel (short video)","W2 · Risk Management","Break-even stop","📌 Save + Follow"
"2026-08-11","15:00","Long post","W2 · Risk Management","Partial take profit","📖 Read blog / 💬 Comment"
"2026-08-11","17:30","Story / interactive","W2 · Risk Management","Leverage is a magnifier","💬 Poll / Comment"
"2026-08-11","20:00","Long video","W2 · Risk Management","Demo first","📌 Save + Follow"
"2026-08-11","22:00","Short post / interactive","W2 · Risk Management","Capital is oxygen","📩 Email (free plan) / 💬 Comment"
"2026-08-12","06:30","Short post","W2 · Risk Management","Revenge trading kills accounts","💬 Comment"
"2026-08-12","08:30","Image (infographic)","W2 · Risk Management","Compounding slowly","📌 Save"
"2026-08-12","10:30","Quote card","W2 · Risk Management","Every trade has a stop loss","🔁 Share"
"2026-08-12","12:30","Reel (short video)","W2 · Risk Management","The 1–2% rule","📌 Save + Follow"
"2026-08-12","15:00","Long post","W2 · Risk Management","Risk : Reward 1:3","📖 Read blog / 💬 Comment"
"2026-08-12","17:30","Story / interactive","W2 · Risk Management","Position sizing (one division)","💬 Poll / Comment"
"2026-08-12","20:00","Long video","W2 · Risk Management","The risk ceiling","📌 Save + Follow"
"2026-08-12","22:00","Short post / interactive","W2 · Risk Management","Never move your stop","📩 Email (free plan) / 💬 Comment"
"2026-08-13","06:30","Short post","W2 · Risk Management","Win rate vs the ratio","💬 Comment"
"2026-08-13","08:30","Image (infographic)","W2 · Risk Management","Break-even stop","📌 Save"
"2026-08-13","10:30","Quote card","W2 · Risk Management","Partial take profit","🔁 Share"
"2026-08-13","12:30","Reel (short video)","W2 · Risk Management","Leverage is a magnifier","📌 Save + Follow"
"2026-08-13","15:00","Long post","W2 · Risk Management","Demo first","📖 Read blog / 💬 Comment"
"2026-08-13","17:30","Story / interactive","W2 · Risk Management","Capital is oxygen","💬 Poll / Comment"
"2026-08-13","20:00","Long video","W2 · Risk Management","Revenge trading kills accounts","📌 Save + Follow"
"2026-08-13","22:00","Short post / interactive","W2 · Risk Management","Compounding slowly","📩 Email (free plan) / 💬 Comment"
"2026-08-14","06:30","Short post","W2 · Risk Management","Every trade has a stop loss","💬 Comment"
"2026-08-14","08:30","Image (infographic)","W2 · Risk Management","The 1–2% rule","📌 Save"
"2026-08-14","10:30","Quote card","W2 · Risk Management","Risk : Reward 1:3","🔁 Share"
"2026-08-14","12:30","Reel (short video)","W2 · Risk Management","Position sizing (one division)","📌 Save + Follow"
"2026-08-14","15:00","Long post","W2 · Risk Management","The risk ceiling","📖 Read blog / 💬 Comment"
"2026-08-14","17:30","Story / interactive","W2 · Risk Management","Never move your stop","💬 Poll / Comment"
"2026-08-14","20:00","Long video","W2 · Risk Management","Win rate vs the ratio","📌 Save + Follow"
"2026-08-14","22:00","Short post / interactive","W2 · Risk Management","Break-even stop","📩 Email (free plan) / 💬 Comment"
"2026-08-15","06:30","Short post","W3 · Market Structure & Strategy","DXY vs gold correlation","💬 Comment"
"2026-08-15","08:30","Image (infographic)","W3 · Market Structure & Strategy","Multi-timeframe view","📌 Save"
"2026-08-15","10:30","Quote card","W3 · Market Structure & Strategy","Confluence zones","🔁 Share"
"2026-08-15","12:30","Reel (short video)","W3 · Market Structure & Strategy","Fibonacci levels","📌 Save + Follow"
"2026-08-15","15:00","Long post","W3 · Market Structure & Strategy","Liquidity & stop hunts","📖 Read blog / 💬 Comment"
"2026-08-15","17:30","Story / interactive","W3 · Market Structure & Strategy","Trade the level, not the middle","💬 Poll / Comment"
"2026-08-15","20:00","Long video","W3 · Market Structure & Strategy","Support & resistance","📌 Save + Follow"
"2026-08-15","22:00","Short post / interactive","W3 · Market Structure & Strategy","Reading the trend (HH/HL)","📩 Email (free plan) / 💬 Comment"
"2026-08-16","06:30","Short post","W3 · Market Structure & Strategy","Change of Character (CHoCH)","💬 Comment"
"2026-08-16","08:30","Image (infographic)","W3 · Market Structure & Strategy","Break of Structure (BOS)","📌 Save"
"2026-08-16","10:30","Quote card","W3 · Market Structure & Strategy","Support becomes resistance","🔁 Share"
"2026-08-16","12:30","Reel (short video)","W3 · Market Structure & Strategy","Trend lines","📌 Save + Follow"
"2026-08-16","15:00","Long post","W3 · Market Structure & Strategy","Trading sessions (London/NY)","📖 Read blog / 💬 Comment"
"2026-08-16","17:30","Story / interactive","W3 · Market Structure & Strategy","News spikes (NFP/CPI)","💬 Poll / Comment"
"2026-08-16","20:00","Long video","W3 · Market Structure & Strategy","DXY vs gold correlation","📌 Save + Follow"
"2026-08-16","22:00","Short post / interactive","W3 · Market Structure & Strategy","Multi-timeframe view","📩 Email (free plan) / 💬 Comment"
"2026-08-17","06:30","Short post","W3 · Market Structure & Strategy","Confluence zones","💬 Comment"
"2026-08-17","08:30","Image (infographic)","W3 · Market Structure & Strategy","Fibonacci levels","📌 Save"
"2026-08-17","10:30","Quote card","W3 · Market Structure & Strategy","Liquidity & stop hunts","🔁 Share"
"2026-08-17","12:30","Reel (short video)","W3 · Market Structure & Strategy","Trade the level, not the middle","📌 Save + Follow"
"2026-08-17","15:00","Long post","W3 · Market Structure & Strategy","Support & resistance","📖 Read blog / 💬 Comment"
"2026-08-17","17:30","Story / interactive","W3 · Market Structure & Strategy","Reading the trend (HH/HL)","💬 Poll / Comment"
"2026-08-17","20:00","Long video","W3 · Market Structure & Strategy","Change of Character (CHoCH)","📌 Save + Follow"
"2026-08-17","22:00","Short post / interactive","W3 · Market Structure & Strategy","Break of Structure (BOS)","📩 Email (free plan) / 💬 Comment"
"2026-08-18","06:30","Short post","W3 · Market Structure & Strategy","Support becomes resistance","💬 Comment"
"2026-08-18","08:30","Image (infographic)","W3 · Market Structure & Strategy","Trend lines","📌 Save"
"2026-08-18","10:30","Quote card","W3 · Market Structure & Strategy","Trading sessions (London/NY)","🔁 Share"
"2026-08-18","12:30","Reel (short video)","W3 · Market Structure & Strategy","News spikes (NFP/CPI)","📌 Save + Follow"
"2026-08-18","15:00","Long post","W3 · Market Structure & Strategy","DXY vs gold correlation","📖 Read blog / 💬 Comment"
"2026-08-18","17:30","Story / interactive","W3 · Market Structure & Strategy","Multi-timeframe view","💬 Poll / Comment"
"2026-08-18","20:00","Long video","W3 · Market Structure & Strategy","Confluence zones","📌 Save + Follow"
"2026-08-18","22:00","Short post / interactive","W3 · Market Structure & Strategy","Fibonacci levels","📩 Email (free plan) / 💬 Comment"
"2026-08-19","06:30","Short post","W3 · Market Structure & Strategy","Liquidity & stop hunts","💬 Comment"
"2026-08-19","08:30","Image (infographic)","W3 · Market Structure & Strategy","Trade the level, not the middle","📌 Save"
"2026-08-19","10:30","Quote card","W3 · Market Structure & Strategy","Support & resistance","🔁 Share"
"2026-08-19","12:30","Reel (short video)","W3 · Market Structure & Strategy","Reading the trend (HH/HL)","📌 Save + Follow"
"2026-08-19","15:00","Long post","W3 · Market Structure & Strategy","Change of Character (CHoCH)","📖 Read blog / 💬 Comment"
"2026-08-19","17:30","Story / interactive","W3 · Market Structure & Strategy","Break of Structure (BOS)","💬 Poll / Comment"
"2026-08-19","20:00","Long video","W3 · Market Structure & Strategy","Support becomes resistance","📌 Save + Follow"
"2026-08-19","22:00","Short post / interactive","W3 · Market Structure & Strategy","Trend lines","📩 Email (free plan) / 💬 Comment"
"2026-08-20","06:30","Short post","W3 · Market Structure & Strategy","Trading sessions (London/NY)","💬 Comment"
"2026-08-20","08:30","Image (infographic)","W3 · Market Structure & Strategy","News spikes (NFP/CPI)","📌 Save"
"2026-08-20","10:30","Quote card","W3 · Market Structure & Strategy","DXY vs gold correlation","🔁 Share"
"2026-08-20","12:30","Reel (short video)","W3 · Market Structure & Strategy","Multi-timeframe view","📌 Save + Follow"
"2026-08-20","15:00","Long post","W3 · Market Structure & Strategy","Confluence zones","📖 Read blog / 💬 Comment"
"2026-08-20","17:30","Story / interactive","W3 · Market Structure & Strategy","Fibonacci levels","💬 Poll / Comment"
"2026-08-20","20:00","Long video","W3 · Market Structure & Strategy","Liquidity & stop hunts","📌 Save + Follow"
"2026-08-20","22:00","Short post / interactive","W3 · Market Structure & Strategy","Trade the level, not the middle","📩 Email (free plan) / 💬 Comment"
"2026-08-21","06:30","Short post","W3 · Market Structure & Strategy","Support & resistance","💬 Comment"
"2026-08-21","08:30","Image (infographic)","W3 · Market Structure & Strategy","Reading the trend (HH/HL)","📌 Save"
"2026-08-21","10:30","Quote card","W3 · Market Structure & Strategy","Change of Character (CHoCH)","🔁 Share"
"2026-08-21","12:30","Reel (short video)","W3 · Market Structure & Strategy","Break of Structure (BOS)","📌 Save + Follow"
"2026-08-21","15:00","Long post","W3 · Market Structure & Strategy","Support becomes resistance","📖 Read blog / 💬 Comment"
"2026-08-21","17:30","Story / interactive","W3 · Market Structure & Strategy","Trend lines","💬 Poll / Comment"
"2026-08-21","20:00","Long video","W3 · Market Structure & Strategy","Trading sessions (London/NY)","📌 Save + Follow"
"2026-08-21","22:00","Short post / interactive","W3 · Market Structure & Strategy","News spikes (NFP/CPI)","📩 Email (free plan) / 💬 Comment"
"2026-08-22","06:30","Short post","W4 · Trading Psychology & Discipline","'This time is different' trap","💬 Comment"
"2026-08-22","08:30","Image (infographic)","W4 · Trading Psychology & Discipline","Journaling your trades","📌 Save"
"2026-08-22","10:30","Quote card","W4 · Trading Psychology & Discipline","Cut losers, let winners run","🔁 Share"
"2026-08-22","12:30","Reel (short video)","W4 · Trading Psychology & Discipline","Emotions are the enemy","📌 Save + Follow"
"2026-08-22","15:00","Long post","W4 · Trading Psychology & Discipline","Consistency is the edge","📖 Read blog / 💬 Comment"
"2026-08-22","17:30","Story / interactive","W4 · Trading Psychology & Discipline","Process over outcome","💬 Poll / Comment"
"2026-08-22","20:00","Long video","W4 · Trading Psychology & Discipline","FOMO — chasing candles","📌 Save + Follow"
"2026-08-22","22:00","Short post / interactive","W4 · Trading Psychology & Discipline","Patience beats activity","📩 Email (free plan) / 💬 Comment"
"2026-08-23","06:30","Short post","W4 · Trading Psychology & Discipline","Overtrading","💬 Comment"
"2026-08-23","08:30","Image (infographic)","W4 · Trading Psychology & Discipline","Boring trading wins","📌 Save"
"2026-08-23","10:30","Quote card","W4 · Trading Psychology & Discipline","Trade what you see, not what you need","🔁 Share"
"2026-08-23","12:30","Reel (short video)","W4 · Trading Psychology & Discipline","Plan at night, trade by day","📌 Save + Follow"
"2026-08-23","15:00","Long post","W4 · Trading Psychology & Discipline","The 2am 'should I close'","📖 Read blog / 💬 Comment"
"2026-08-23","17:30","Story / interactive","W4 · Trading Psychology & Discipline","Discipline over excitement","💬 Poll / Comment"
"2026-08-23","20:00","Long video","W4 · Trading Psychology & Discipline","'This time is different' trap","📌 Save + Follow"
"2026-08-23","22:00","Short post / interactive","W4 · Trading Psychology & Discipline","Journaling your trades","📩 Email (free plan) / 💬 Comment"
"2026-08-24","06:30","Short post","W4 · Trading Psychology & Discipline","Cut losers, let winners run","💬 Comment"
"2026-08-24","08:30","Image (infographic)","W4 · Trading Psychology & Discipline","Emotions are the enemy","📌 Save"
"2026-08-24","10:30","Quote card","W4 · Trading Psychology & Discipline","Consistency is the edge","🔁 Share"
"2026-08-24","12:30","Reel (short video)","W4 · Trading Psychology & Discipline","Process over outcome","📌 Save + Follow"
"2026-08-24","15:00","Long post","W4 · Trading Psychology & Discipline","FOMO — chasing candles","📖 Read blog / 💬 Comment"
"2026-08-24","17:30","Story / interactive","W4 · Trading Psychology & Discipline","Patience beats activity","💬 Poll / Comment"
"2026-08-24","20:00","Long video","W4 · Trading Psychology & Discipline","Overtrading","📌 Save + Follow"
"2026-08-24","22:00","Short post / interactive","W4 · Trading Psychology & Discipline","Boring trading wins","📩 Email (free plan) / 💬 Comment"
"2026-08-25","06:30","Short post","W4 · Trading Psychology & Discipline","Trade what you see, not what you need","💬 Comment"
"2026-08-25","08:30","Image (infographic)","W4 · Trading Psychology & Discipline","Plan at night, trade by day","📌 Save"
"2026-08-25","10:30","Quote card","W4 · Trading Psychology & Discipline","The 2am 'should I close'","🔁 Share"
"2026-08-25","12:30","Reel (short video)","W4 · Trading Psychology & Discipline","Discipline over excitement","📌 Save + Follow"
"2026-08-25","15:00","Long post","W4 · Trading Psychology & Discipline","'This time is different' trap","📖 Read blog / 💬 Comment"
"2026-08-25","17:30","Story / interactive","W4 · Trading Psychology & Discipline","Journaling your trades","💬 Poll / Comment"
"2026-08-25","20:00","Long video","W4 · Trading Psychology & Discipline","Cut losers, let winners run","📌 Save + Follow"
"2026-08-25","22:00","Short post / interactive","W4 · Trading Psychology & Discipline","Emotions are the enemy","📩 Email (free plan) / 💬 Comment"
"2026-08-26","06:30","Short post","W4 · Trading Psychology & Discipline","Consistency is the edge","💬 Comment"
"2026-08-26","08:30","Image (infographic)","W4 · Trading Psychology & Discipline","Process over outcome","📌 Save"
"2026-08-26","10:30","Quote card","W4 · Trading Psychology & Discipline","FOMO — chasing candles","🔁 Share"
"2026-08-26","12:30","Reel (short video)","W4 · Trading Psychology & Discipline","Patience beats activity","📌 Save + Follow"
"2026-08-26","15:00","Long post","W4 · Trading Psychology & Discipline","Overtrading","📖 Read blog / 💬 Comment"
"2026-08-26","17:30","Story / interactive","W4 · Trading Psychology & Discipline","Boring trading wins","💬 Poll / Comment"
"2026-08-26","20:00","Long video","W4 · Trading Psychology & Discipline","Trade what you see, not what you need","📌 Save + Follow"
"2026-08-26","22:00","Short post / interactive","W4 · Trading Psychology & Discipline","Plan at night, trade by day","📩 Email (free plan) / 💬 Comment"
"2026-08-27","06:30","Short post","W4 · Trading Psychology & Discipline","The 2am 'should I close'","💬 Comment"
"2026-08-27","08:30","Image (infographic)","W4 · Trading Psychology & Discipline","Discipline over excitement","📌 Save"
"2026-08-27","10:30","Quote card","W4 · Trading Psychology & Discipline","'This time is different' trap","🔁 Share"
"2026-08-27","12:30","Reel (short video)","W4 · Trading Psychology & Discipline","Journaling your trades","📌 Save + Follow"
"2026-08-27","15:00","Long post","W4 · Trading Psychology & Discipline","Cut losers, let winners run","📖 Read blog / 💬 Comment"
"2026-08-27","17:30","Story / interactive","W4 · Trading Psychology & Discipline","Emotions are the enemy","💬 Poll / Comment"
"2026-08-27","20:00","Long video","W4 · Trading Psychology & Discipline","Consistency is the edge","📌 Save + Follow"
"2026-08-27","22:00","Short post / interactive","W4 · Trading Psychology & Discipline","Process over outcome","📩 Email (free plan) / 💬 Comment"
"2026-08-28","06:30","Short post","W4 · Trading Psychology & Discipline","FOMO — chasing candles","💬 Comment"
"2026-08-28","08:30","Image (infographic)","W4 · Trading Psychology & Discipline","Patience beats activity","📌 Save"
"2026-08-28","10:30","Quote card","W4 · Trading Psychology & Discipline","Overtrading","🔁 Share"
"2026-08-28","12:30","Reel (short video)","W4 · Trading Psychology & Discipline","Boring trading wins","📌 Save + Follow"
"2026-08-28","15:00","Long post","W4 · Trading Psychology & Discipline","Trade what you see, not what you need","📖 Read blog / 💬 Comment"
"2026-08-28","17:30","Story / interactive","W4 · Trading Psychology & Discipline","Plan at night, trade by day","💬 Poll / Comment"
"2026-08-28","20:00","Long video","W4 · Trading Psychology & Discipline","The 2am 'should I close'","📌 Save + Follow"
"2026-08-28","22:00","Short post / interactive","W4 · Trading Psychology & Discipline","Discipline over excitement","📩 Email (free plan) / 💬 Comment"
"2026-08-29","06:30","Short post","W5 · Recap + Free Business Plan","Free: The Trader's Business Plan","💬 Comment"
"2026-08-29","08:30","Image (infographic)","W5 · Recap + Free Business Plan","5 mistakes that bankrupt beginners","📌 Save"
"2026-08-29","10:30","Quote card","W5 · Recap + Free Business Plan","The 3 rules REX never breaks","🔁 Share"
"2026-08-29","12:30","Reel (short video)","W5 · Recap + Free Business Plan","Why I post my losses","📌 Save + Follow"
"2026-08-29","15:00","Long post","W5 · Recap + Free Business Plan","Never promise profit","📖 Read blog / 💬 Comment"
"2026-08-29","17:30","Story / interactive","W5 · Recap + Free Business Plan","Your trading business on one page","💬 Poll / Comment"
"2026-08-29","20:00","Long video","W5 · Recap + Free Business Plan","Free: The Trader's Business Plan","📌 Save + Follow"
"2026-08-29","22:00","Short post / interactive","W5 · Recap + Free Business Plan","5 mistakes that bankrupt beginners","📩 Email (free plan) / 💬 Comment"
"2026-08-30","06:30","Short post","W5 · Recap + Free Business Plan","The 3 rules REX never breaks","💬 Comment"
"2026-08-30","08:30","Image (infographic)","W5 · Recap + Free Business Plan","Why I post my losses","📌 Save"
"2026-08-30","10:30","Quote card","W5 · Recap + Free Business Plan","Never promise profit","🔁 Share"
"2026-08-30","12:30","Reel (short video)","W5 · Recap + Free Business Plan","Your trading business on one page","📌 Save + Follow"
"2026-08-30","15:00","Long post","W5 · Recap + Free Business Plan","Free: The Trader's Business Plan","📖 Read blog / 💬 Comment"
"2026-08-30","17:30","Story / interactive","W5 · Recap + Free Business Plan","5 mistakes that bankrupt beginners","💬 Poll / Comment"
"2026-08-30","20:00","Long video","W5 · Recap + Free Business Plan","The 3 rules REX never breaks","📌 Save + Follow"
"2026-08-30","22:00","Short post / interactive","W5 · Recap + Free Business Plan","Why I post my losses","📩 Email (free plan) / 💬 Comment"
"2026-08-31","06:30","Short post","W5 · Recap + Free Business Plan","Never promise profit","💬 Comment"
"2026-08-31","08:30","Image (infographic)","W5 · Recap + Free Business Plan","Your trading business on one page","📌 Save"
"2026-08-31","10:30","Quote card","W5 · Recap + Free Business Plan","Free: The Trader's Business Plan","🔁 Share"
"2026-08-31","12:30","Reel (short video)","W5 · Recap + Free Business Plan","5 mistakes that bankrupt beginners","📌 Save + Follow"
"2026-08-31","15:00","Long post","W5 · Recap + Free Business Plan","The 3 rules REX never breaks","📖 Read blog / 💬 Comment"
"2026-08-31","17:30","Story / interactive","W5 · Recap + Free Business Plan","Why I post my losses","💬 Poll / Comment"
"2026-08-31","20:00","Long video","W5 · Recap + Free Business Plan","Never promise profit","📌 Save + Follow"
"2026-08-31","22:00","Short post / interactive","W5 · Recap + Free Business Plan","Your trading business on one page","📩 Email (free plan) / 💬 Comment"
