"Date","Time","Content","Link","Media URL"
"2026-07-13","08:00","The one habit that separates traders who last from traders who blow up.

Cut losers fast — that's your stop. Let winners breathe — that's your target.

📌 SAVE this and read it before your next trade.

#XAUUSD #gold #forex #goldtrading","","https://raw.githubusercontent.com/buithithuytrinhfamily-sketch/rex-trading-blog/claude/facebook-channel-scheduling-29clrd/facebook/infographics/cards/card01_cut.png"
"2026-07-13","12:30","The most expensive sentence in trading is only three words long.

""Fixed returns. Zero risk.""

A man said that to me once. He didn't show me charts — he showed me clean, beautiful numbers. In my company I audited every invoice and read every contract twice. But that one sentence walked straight past five years of business instinct, because it promised the one thing business never gave me: certainty.

I handed him three years of profit. A few months later the numbers were gone, and so was he.

If anyone ever promises you fixed, guaranteed, or risk-free — walk away. That's the whole lesson, and it cost me everything to learn it.

The full story: https://rextradingsignal.com/about.html","",""
"2026-07-13","18:00","Rule 01 of this channel: every signal has a stop loss. Before we ever talk about profit.

Why so strict? Because capital is oxygen. No oxygen, no next trade.

A stop loss isn't admitting defeat. It's the price of staying in the game long enough for your edge to show up. The trader who survives a bad week is the one still here for the good one.

I learned this the hard way — my first blown account had no stop loss, because a stop ""felt like giving up."" The market gave up on me instead.

Decide what you're willing to lose before you click. Every time.","",""
"2026-07-13","20:30","How much should you risk on one gold trade? 1–2%. That's it.

At 1% you can lose 20 in a row and still keep 80% of your account. That's how you survive.

📌 SAVE this number. It matters more than any signal.

#XAUUSD #gold #riskmanagement #forex","","https://raw.githubusercontent.com/buithithuytrinhfamily-sketch/rex-trading-blog/claude/facebook-channel-scheduling-29clrd/facebook/infographics/cards/card02_risk.png"
"2026-07-14","08:00","What is this candle telling you? 🕯️

Every candle tells a story:
• Body = open price → close price
• Wick (the tail) = the highest/lowest price it touched
• Green = price went up 🟢 | Red = price went down 🔴

Learn this and you can read ANY chart.

📌 Save this so you never forget when you open a chart!

#XAUUSD #gold #forex #goldtrading #tradingbasics","","https://raw.githubusercontent.com/buithithuytrinhfamily-sketch/rex-trading-blog/claude/facebook-channel-scheduling-29clrd/facebook/infographics/rex_01_anatomy.png"
"2026-07-14","12:30","Position sizing sounds like maths homework. It's one division.

Take the amount you're willing to lose on a trade. Divide it by the distance to your stop loss. That's your size. Done.

Here's the part beginners get backwards: a WIDER stop means a SMALLER trade, not a bigger one. More room for the market to breathe = fewer units, so your dollar risk stays fixed.

Get this one habit right and you'll never again ""accidentally"" risk half your account on a single gold trade.

Position sizing without the maths headache: https://rextradingsignal.com/position-sizing-for-gold-trading.html","",""
"2026-07-14","18:00","Why do most traders blow their accounts? It's almost never the strategy.

I burned four accounts finding out. Four different ways to lose:

No plan — I bought gold because it ""looked strong.""
Revenge — I doubled size after every loss to get back to even faster.
The guru — I followed a man who only posted his winners, blind.
Overconfidence — a few good months, so I sized up until one news spike erased six.

Different mistakes, one root cause: I traded my emotions instead of a written rule.

The strategy was never the problem. The discipline was.

The four failure patterns, in full: https://rextradingsignal.com/why-do-most-traders-blow-their-accounts.html","",""
"2026-07-14","20:30","The one number that decides if you survive: risk-to-reward.

At 1:3 you can be WRONG more than half the time and still profit. Pros chase the ratio, not the win rate.

📌 SAVE this.

#XAUUSD #gold #riskreward #forex","","https://raw.githubusercontent.com/buithithuytrinhfamily-sketch/rex-trading-blog/claude/facebook-channel-scheduling-29clrd/facebook/infographics/cards/card03_rr.png"
"2026-07-15","08:00","Treat trading like a business and most of your problems disappear.

A business has: a written plan, a spending limit, a ledger, and a review at the end of the day. Trading needs the exact same four:

A written trade plan — so you're not improvising with money.
A risk ceiling — your spending limit, decided while calm.
A trade journal — your ledger of what actually happened.
A nightly audit — the review that turns mistakes into lessons.

The moment I ran my trades the way I ran my company, the account stopped feeling like a casino.

The full operator's system: https://rextradingsignal.com/treat-trading-like-a-business.html","",""
"2026-07-15","12:30","When a BIG candle completely ""swallows"" the small one before it… 😳

Control just changed hands:
• Big green swallows red → BUYERS win 🟢
• Big red swallows green → SELLERS win 🔴

Strongest when it shows up at support or resistance.

💬 Have you ever traded this pattern? Tell me in the comments!

#XAUUSD #gold #forex #engulfing #priceaction","","https://raw.githubusercontent.com/buithithuytrinhfamily-sketch/rex-trading-blog/claude/facebook-channel-scheduling-29clrd/facebook/infographics/rex_02_engulfing.png"
"2026-07-15","18:00","Rule 01 of this channel: every signal comes with a stop loss. No exceptions.

If you know a trader who still 'closes it manually when it gets bad' — they need to see this.

🔁 SHARE it with them.

#XAUUSD #gold #stoploss #forex","","https://raw.githubusercontent.com/buithithuytrinhfamily-sketch/rex-trading-blog/claude/facebook-channel-scheduling-29clrd/facebook/infographics/cards/card04_r1.png"
"2026-07-15","20:30","Account number two died of revenge.

After a loss, I doubled my size to get back to even faster. Then doubled again. Three trades — that's all it took to close the account.

Revenge trading feels like fighting back. It's actually the market handing you a bigger shovel.

Here's the fix, and it's boring: your size never changes because of the last trade's result. Same risk when you're up, same risk when you're down. The trade in front of you doesn't know or care what the last one did.

Flat, unemotional size is how an account survives a losing streak — and every trader gets one.","",""
"2026-07-16","08:00","Rule 03: I never promise profit. Here's why I can't, and won't.

Account number three died because I paid a ""guru"" who only ever posted his winners. I followed him blindly. When the losing streak came — it always comes — I had no idea why I was in any of my trades, so I couldn't manage a single one.

A track record you can't see through is worthless. Promises of ""guaranteed"" and ""fixed"" are the loudest sign someone is hiding the losing half.

So I'll say it plainly: I don't know if the next trade wins. Nobody does. What I can promise is a stop loss on every one, and the losses posted alongside the wins.

That's the only honest deal in this business.","",""
"2026-07-16","12:30","Rule 02: I post my losing trades too. On purpose.

You get the whole notebook here, not the highlight reel. That's the only honest way to earn trust.

🔁 SHARE if you're tired of 'guru' pages that only show wins.

#XAUUSD #gold #forex #trading","","https://raw.githubusercontent.com/buithithuytrinhfamily-sketch/rex-trading-blog/claude/facebook-channel-scheduling-29clrd/facebook/infographics/cards/card05_r2.png"
"2026-07-16","18:00","That long ""tail"" on a candle = a REJECTION 🚫

The longer the tail, the harder price was pushed back:
• Long tail below → buyers rejected lower prices → likely UP
• Long tail above → sellers rejected higher prices → likely DOWN

📌 Save it + send it to a friend who's just starting out!

#XAUUSD #gold #pinbar #priceaction #forex","","https://raw.githubusercontent.com/buithithuytrinhfamily-sketch/rex-trading-blog/claude/facebook-channel-scheduling-29clrd/facebook/infographics/rex_03_pinbar.png"
"2026-07-17","08:00","Your entire trading business can fit on one page. Mine does.

Six fields, and you can fill them tonight:

Mission — why you trade, in one honest line.
Risk ceiling — the most you'll lose this month.
Trade ticket — what a valid setup looks like before you click.
Journal — where every trade gets logged.
Nightly audit — the five-minute review that catches repeats.
And a hard rule for when to stop.

No 40-page strategy PDF. One page you'll actually use beats a system you never open.

Grab the free one-page template and business plan: https://rextradingsignal.com/business-plan/","",""
"2026-07-17","12:30","Most of what I do never makes it to this page.

The daily gold setups, the live stop-loss management, the ""should I close this now?"" moments — that all happens inside our Telegram channel, in real time.

It's not for everyone. If you want hype and ""guaranteed profit,"" you'll hate it there. We don't do that.

But if you're serious about protecting your capital and trading with rules instead of fear, the door is open. Every signal comes with a stop loss. The losses get posted too. Nothing is promised.

Join the channel and judge the proof, not the promises: https://t.me/+CR21qcOU0QI4ZDg9","",""
"2026-07-17","18:00","Rule 03: I will never promise you profit. I can't, and I won't.

Real trading has losses. Anyone hiding that is selling a fantasy.

🔁 SHARE to protect a friend from the next 'guaranteed returns' scam.

#XAUUSD #gold #forex #scamalert","","https://raw.githubusercontent.com/buithithuytrinhfamily-sketch/rex-trading-blog/claude/facebook-channel-scheduling-29clrd/facebook/infographics/cards/card06_r3.png"
"2026-07-18","08:00","The best trade I made last week was the one I didn't take.

The setup was ""almost"" there. Almost is a no. So I closed the laptop.

Amateurs force trades out of boredom. Professionals wait — sometimes all day — for the one setup that fits their rules.

You don't get paid for activity. You get paid for precision. Wait for your pitch.","",""
"2026-07-18","12:30","This candle means the market is… UNDECIDED 🤔

Open and close are almost the same → nobody won.
Don't rush to buy or sell. WAIT for the next candle to confirm.

Patience beats guessing.

💬 Do you ""wait"" or ""jump in""? Type WAIT or IN below!

#XAUUSD #gold #doji #candlestick #forex","","https://raw.githubusercontent.com/buithithuytrinhfamily-sketch/rex-trading-blog/claude/facebook-channel-scheduling-29clrd/facebook/infographics/rex_04_doji.png"
"2026-07-18","18:00","More trades does not mean more money. Usually the opposite.

Every extra trade you take out of boredom or FOMO is a fresh chance to lose. Ten mediocre trades beat you up. One clean trade pays you.

If you're trading every hour, you're not trading — you're gambling with extra steps.

Do less. Choose better.","",""
"2026-07-19","08:00","Say it with me: no stop loss = no trade.

The stop isn't admitting defeat — it's the price of staying in the game long enough for your edge to show up.

📌 SAVE this reminder.

#XAUUSD #gold #stoploss #riskmanagement","","https://raw.githubusercontent.com/buithithuytrinhfamily-sketch/rex-trading-blog/claude/facebook-channel-scheduling-29clrd/facebook/infographics/cards/card07_nostop.png"
"2026-07-19","12:30","The market doesn't know your rent is due. It doesn't care that you're down this month.

The second you trade what you NEED instead of what you SEE, you've already lost.

Gold doesn't owe you a good month. Trade the chart in front of you, not the story in your head — and the results stop feeling personal.","",""
"2026-07-19","18:00","The number one account killer isn't a bad strategy. It's a stop loss that keeps sliding.

Set it when you're calm. Then honor it when you're scared.

📌 SAVE this — read it the next time you're tempted.

#XAUUSD #gold #discipline #forex","","https://raw.githubusercontent.com/buithithuytrinhfamily-sketch/rex-trading-blog/claude/facebook-channel-scheduling-29clrd/facebook/infographics/cards/card08_move.png"
"2026-07-20","08:00","Before you click, draw three lines 📏

• Entry — where you get in
• Stop Loss — the amount you're willing to LOSE
• Take Profit — your target

No stop loss = NO trade.
Capital is oxygen — no oxygen, no next trade.

📖 Read how to set your stop loss right on the blog:
rextradingsignal.com/how-to-manage-risk-in-gold-trading.html

#XAUUSD #gold #riskmanagement #stoploss #forex","","https://raw.githubusercontent.com/buithithuytrinhfamily-sketch/rex-trading-blog/claude/facebook-channel-scheduling-29clrd/facebook/infographics/rex_05_trade.png"
"2026-07-20","12:30","Most traders do the exact opposite of what works.

They snatch tiny profits fast (scared to lose them) and let losers run (hoping they come back). Small wins, big losses. That math kills accounts.

Flip it: cut losers fast — that's your stop. Let winners breathe — that's your target. Boring rule. Life-changing results.","",""
"2026-07-20","18:00","The moment you move your stop loss further away ""just to give it room""… you've stopped trading and started hoping.

A stop is a promise you make to yourself when you're calm. Moving it is breaking that promise when you're scared.

The number one account killer isn't a bad strategy. It's a stop loss that keeps sliding.","",""
"2026-07-21","08:00","The second you trade what you NEED instead of what you SEE, you've already lost.

Gold doesn't care that you're down this month. Trade the chart in front of you.

🔁 SHARE with a trader who's forcing trades right now.

#XAUUSD #gold #tradingpsychology","","https://raw.githubusercontent.com/buithithuytrinhfamily-sketch/rex-trading-blog/claude/facebook-channel-scheduling-29clrd/facebook/infographics/cards/card09_rent.png"
"2026-07-21","12:30","How much should you risk on one gold trade? 1–2% of your account. That's it.

On $1,000 that's $10–$20 per trade. Sounds small. It's supposed to.

At 1%, you could lose 20 in a row and still keep 80% of your account. At 20% risk, three bad trades and you're done.

Survival first. Everything else is second.","",""
"2026-07-21","18:00","The one number that decides if you SURVIVE or blow up 💥

Risk $20 to make $60 (a 1:3 ratio).
That means you can be WRONG 6 out of 10 times and still profit.

Pros don't chase ""being right often"" — they chase ""winning bigger than they lose.""

📌 Save this and re-read it every time you want to take a risky trade!

#XAUUSD #gold #riskreward #moneymanagement #forex","","https://raw.githubusercontent.com/buithithuytrinhfamily-sketch/rex-trading-blog/claude/facebook-channel-scheduling-29clrd/facebook/infographics/rex_06_rr.png"
"2026-07-22","08:00","Before you risk one real dollar on gold, trade a demo for a month.

Not to prove you can win — to prove you can FOLLOW YOUR RULES. Stop loss every time. Same risk every time. Journal every trade.

If you can't stay disciplined with fake money, real money will wreck you. The demo isn't beneath you. It's the exam.","",""
"2026-07-22","12:30","Good trading is boring. One or two clean setups, then you close the laptop.

The traders glued to the screen all day aren't disciplined — they're emotional.

🔁 SHARE if your best trades were your calmest ones.

#XAUUSD #gold #forex #trading","","https://raw.githubusercontent.com/buithithuytrinhfamily-sketch/rex-trading-blog/claude/facebook-channel-scheduling-29clrd/facebook/infographics/cards/card10_boring.png"
"2026-07-22","18:00","Big news drops (NFP, CPI) and gold goes vertical. Feels like free money. It's a trap.

Spreads widen. Price whips both ways. Your stop can get skipped entirely. This is where accounts die in seconds.

When the news hits, the professional move is often to do nothing. Let the chaos pass. Trade the clean chart after — not the explosion.","",""
"2026-07-23","08:00","Quick gold tip: keep one eye on the US Dollar (DXY).

Gold and the dollar usually move opposite ways. Dollar up, gold tends down — and vice versa.

If you're long gold while the dollar is ripping higher, you're swimming against the current. Not a hard rule, but a strong hint. Context beats guessing.","",""
"2026-07-23","12:30","How much should you trade? Just one division 🧮

Position size = money you'll risk ÷ stop-loss distance

The WIDER your stop → the SMALLER your trade
(so your dollar risk always stays the same)

📖 See the full, headache-free method on the blog:
rextradingsignal.com/position-sizing-for-gold-trading.html

#XAUUSD #gold #positionsizing #moneymanagement #forex","","https://raw.githubusercontent.com/buithithuytrinhfamily-sketch/rex-trading-blog/claude/facebook-channel-scheduling-29clrd/facebook/infographics/rex_07_sizing.png"
"2026-07-23","18:00","If anyone ever guarantees you profit — run.

'Fixed returns.' 'Zero risk.' 'Can't lose.' I believed a man who said those words. It cost me everything.

🔁 SHARE to save someone from the same trap.

#XAUUSD #gold #scamalert #forex","","https://raw.githubusercontent.com/buithithuytrinhfamily-sketch/rex-trading-blog/claude/facebook-channel-scheduling-29clrd/facebook/infographics/cards/card11_scam.png"
"2026-07-24","08:00","Your trade moves nicely in your favor. Now what?

Move your stop loss to your entry (break-even). Now the worst case is: you lose nothing.

A trade that can't lose is a beautiful thing. You stop trading scared and start letting the winner run. Protect first, profit second.","",""
"2026-07-24","12:30","Do your thinking BEFORE the money's on the line.

At night, calm: what setup, what stop, what target, how much risk? Then morning-you just follows the plan.

📌 SAVE this routine.

#XAUUSD #gold #tradingplan #discipline","","https://raw.githubusercontent.com/buithithuytrinhfamily-sketch/rex-trading-blog/claude/facebook-channel-scheduling-29clrd/facebook/infographics/cards/card12_plan.png"
"2026-07-24","18:00","""I win 70% of my trades!"" Cool. Are you profitable? Often the answer is no.

If your winners are tiny and your losers are huge, a 70% win rate still bleeds you dry.

Stop counting how OFTEN you're right. Start measuring how BIG you win versus how small you lose. That ratio is the whole game.","",""
"2026-07-25","08:00","Set your ""LOSS CEILING"" before you get emotional 🧯

While you're calm, decide: the MOST I'll lose this month.
Then break it down: month → week → day → per trade.

The market can't blow your account past a ceiling you set in advance. Only you can.

💬 What's your monthly loss ceiling in %? Drop it in the comments!

#XAUUSD #gold #discipline #riskmanagement #forex","","https://raw.githubusercontent.com/buithithuytrinhfamily-sketch/rex-trading-blog/claude/facebook-channel-scheduling-29clrd/facebook/infographics/rex_08_ceiling.png"
"2026-07-25","12:30","Nobody wants to hear it, but the fastest way to grow an account is slowly.

2% a week doesn't sound sexy. Compounded over a year, it's life-changing.

The traders chasing 100% a month are usually at 0% by year end — or below. Aim for steady. Let compounding do the flashy part quietly.","",""
"2026-07-25","18:00","'I win 70% of my trades!' Cool — are you profitable? Often, no.

Stop counting how OFTEN you're right. Measure how BIG you win vs how small you lose.

📌 SAVE this.

#XAUUSD #gold #riskreward #forex","","https://raw.githubusercontent.com/buithithuytrinhfamily-sketch/rex-trading-blog/claude/facebook-channel-scheduling-29clrd/facebook/infographics/cards/card13_winrate.png"
"2026-07-26","08:00","What's the hardest part of trading for YOU? 🤔

For most people it's not finding trades — it's sitting on their hands and NOT trading.

Tell me in the comments 👇 I read every one.","",""
"2026-07-26","12:30","Every trader has that one loss that taught them everything.

What did yours teach you? Drop it below 👇 Someone reading this needs to hear it before they learn it the hard way.","",""
"2026-07-26","18:00","The ""floor"" and the ""ceiling"" of price 🏠

• Resistance (ceiling) = where sellers keep stepping in → price struggles to rise
• Support (floor) = where buyers keep defending → price struggles to fall

Price bounces between them. Trade AT the level, not in no-man's-land.

📌 Save this as your compass every time you open a chart!

#XAUUSD #gold #supportresistance #priceaction #forex","","https://raw.githubusercontent.com/buithithuytrinhfamily-sketch/rex-trading-blog/claude/facebook-channel-scheduling-29clrd/facebook/infographics/rex_09_sr.png"
"2026-07-27","08:00","These 3 rules have kept this account alive longer than any signal ever could.

Want the full system written on one page — plus the daily routine and the 5 rookie mistakes?

📩 Grab it FREE (just your email) 👉 https://rextradingsignal.com/business-plan/

#XAUUSD #gold #forex","","https://raw.githubusercontent.com/buithithuytrinhfamily-sketch/rex-trading-blog/claude/facebook-channel-scheduling-29clrd/facebook/infographics/cards/card14_3rules.png"
"2026-07-27","12:30","Be honest: what's your max risk per trade? 🎯

1%? 2%? ""…I don't really set one""?

Comment your number 👇 No judgment — but if you don't have one, that's lesson number one.","",""
"2026-07-27","18:00","Scalper or swing trader? ⚡🐢

Quick trades all day, or a few positions held for days?

There's no wrong answer — but knowing which one YOU are changes everything about your rules. Comment your style 👇","",""
"2026-07-28","08:00","You don't need a 40-page course. You need one page you'll actually use.

Six fields, filled in tonight, and your trading finally runs like a business.

📩 Get the free one-page template (leave your email) 👉 https://rextradingsignal.com/business-plan/

#XAUUSD #gold #tradingplan","","https://raw.githubusercontent.com/buithithuytrinhfamily-sketch/rex-trading-blog/claude/facebook-channel-scheduling-29clrd/facebook/infographics/cards/card15_onepage.png"
"2026-07-28","12:30","Trade WITH the trend, don't argue with it 📈📉

• Uptrend = each high higher, each low higher
• Downtrend = highs and lows both getting lower

Go with the trend and the odds are on your side. Fight it and you're just donating money.

🔁 Share this with a friend who loves ""catching the bottom"" against the trend!

#XAUUSD #gold #trend #trendtrading #forex","","https://raw.githubusercontent.com/buithithuytrinhfamily-sketch/rex-trading-blog/claude/facebook-channel-scheduling-29clrd/facebook/infographics/rex_10_trend.png"
"2026-07-28","18:00","Every week I post my losing trades. On purpose.

Why? Because a page that only shows winners is showing you a fantasy — and fantasies are what empty accounts.

You get the whole notebook here: the reds, the stops that fired, the boring wins. That's the only honest way to earn your trust.","",""
"2026-07-29","08:00","Most new gold traders blow up the same 5 ways. You can skip that tuition.

📩 Get the free guide + one-page business plan (just your email) 👉 https://rextradingsignal.com/business-plan/

Cheaper than learning it the hard way.

#XAUUSD #gold #forex #goldtrading","","https://raw.githubusercontent.com/buithithuytrinhfamily-sketch/rex-trading-blog/claude/facebook-channel-scheduling-29clrd/facebook/infographics/cards/card16_5mistakes.png"
"2026-07-29","12:30","Don't trust this page. Seriously.

Don't trust me because I sound confident. Trust the proof, over time.

Watch how we handle losses. Watch if the stop losses are real. Judge slowly. A scammer needs you to believe fast — I'd rather you believe SLOWLY, and for good reasons.","",""
"2026-07-29","18:00","The signal isn't the valuable part. The rules are.

Anyone can hand you a ""buy here."" Almost nobody teaches you where to put your stop, how much to risk, and when to walk away.

A signal feeds you for a day. The rules feed you for a career. That's what we actually care about here.","",""
"2026-07-30","08:00","When a trend starts to CRACK… ⚠️

Price was rising nicely (higher highs & lows), then it closes BELOW the last higher low → Break of Structure (BOS).

It's an EARLY warning: control is shifting. Don't ignore it.

💬 Type ""BOS"" if you want a deeper post on this topic!

#XAUUSD #gold #marketstructure #priceaction #forex","","https://raw.githubusercontent.com/buithithuytrinhfamily-sketch/rex-trading-blog/claude/facebook-channel-scheduling-29clrd/facebook/infographics/rex_11_bos.png"
"2026-07-30","12:30","The market can't blow your account past a ceiling you set in advance. But you can — if you never set one.

Decide your max monthly loss while calm, then cascade it down.

📌 SAVE this.

#XAUUSD #gold #riskmanagement","","https://raw.githubusercontent.com/buithithuytrinhfamily-sketch/rex-trading-blog/claude/facebook-channel-scheduling-29clrd/facebook/infographics/cards/card17_ceiling.png"
"2026-07-30","18:00","New week. Reset. 🔁

Last week is closed — the wins and the losses. This week starts at zero.

Before the first candle: what's your risk ceiling for the week? Which setups will you take? Write it down now, while you're calm. Plan first, trade second.","",""
"2026-07-31","08:00","Want the 3 rules that have kept this account alive longer than any signal ever could?

Comment ""RULES"" below and I'll send you our 3 capital-protection rules — free, no catch.

Read them. If they make sense, you'll know if this is your kind of room.","",""
"2026-07-31","12:30","A gift from us, no strings: The Trader's Business Plan — one page, the daily routine, and the 5 mistakes that quietly bankrupt new gold traders.

📩 Download it free (just drop your email) 👉 https://rextradingsignal.com/business-plan/

#XAUUSD #gold #forex #freedownload","","https://raw.githubusercontent.com/buithithuytrinhfamily-sketch/rex-trading-blog/claude/facebook-channel-scheduling-29clrd/facebook/infographics/cards/card18_freeplan.png"
"2026-07-31","18:00","3 rules the REX channel will NEVER break 🔒

1️⃣ Every signal has a stop loss
2️⃣ I post my LOSING trades too
3️⃣ I never promise profit

Want real proof instead of empty promises?

👉 Join the Telegram channel to see live signals:
https://t.me/+CR21qcOU0QI4ZDg9

#XAUUSD #gold #goldsignals #transparency #forex","","https://raw.githubusercontent.com/buithithuytrinhfamily-sketch/rex-trading-blog/claude/facebook-channel-scheduling-29clrd/facebook/infographics/rex_12_rules.png"
